id,tags
1,birdwatching skydiving gardening rockclimbing gaming reading coding playing pottery photography knitting hiking
2,rockclimbing hiking volunteering writing cooking pottery birdwatching painting singing reading
3,meditating cooking traveling yoga photography painting
4,gaming playing skydiving sculpting volunteering birdwatching
5,meditating photography camping hiking
6,reading coding gardening rockclimbing birdwatching knitting pottery rafting dancing yoga
7,cooking sculpting yoga pottery
8,coding knitting surfing volunteering gaming skydiving gardening
9,pottery skydiving gardening
10,yoga painting volunteering hiking cooking running
11,gardening surfing reading painting
12,yoga singing swimming gaming skateboarding
13,skydiving camping surfing meditating singing running
14,rafting photography painting writing gardening running
15,yoga photography rockclimbing knitting reading hiking surfing
16,skydiving camping swimming photography running gaming
17,reading coding hiking swimming running skateboarding biking yoga photography surfing traveling
18,swimming singing camping hiking
19,meditating knitting yoga biking
20,yoga reading coding
21,gaming coding dancing birdwatching traveling running meditating pottery knitting skydiving camping sculpting
22,photography playing traveling cooking camping rockclimbing
23,pottery hiking surfing traveling
24,skydiving reading rockclimbing volunteering painting playing fishing cooking birdwatching yoga dancing traveling
25,pottery dancing volunteering gardening rockclimbing skateboarding yoga swimming traveling cooking
26,rockclimbing skydiving volunteering gaming
27,volunteering birdwatching biking
28,yoga fishing birdwatching rafting skydiving
29,sculpting dancing volunteering writing camping gardening biking hiking photography singing running
30,volunteering running hiking biking
31,swimming pottery cooking yoga painting gardening hiking knitting photography skateboarding traveling singing
32,dancing cooking sculpting writing photography
33,skateboarding meditating sculpting cooking birdwatching biking pottery
34,writing playing camping yoga dancing hiking skydiving rafting painting sculpting
35,cooking hiking dancing
36,meditating coding biking rafting cooking camping sculpting playing dancing painting yoga
37,birdwatching fishing camping reading gardening running biking dancing skydiving singing
38,meditating running surfing
39,coding dancing photography skydiving singing meditating pottery
40,pottery skateboarding meditating volunteering biking skydiving rockclimbing sculpting fishing gaming rafting
41,volunteering writing painting swimming photography
42,yoga running painting surfing skydiving rockclimbing
43,gardening writing surfing pottery swimming playing skateboarding photography cooking reading traveling
44,rafting painting fishing photography biking traveling skateboarding birdwatching
45,knitting volunteering photography rockclimbing swimming rafting
46,reading gardening pottery sculpting singing
47,birdwatching pottery cooking traveling photography rafting fishing surfing coding swimming
48,yoga pottery writing coding traveling
49,skydiving reading dancing writing biking swimming cooking gardening
50,hiking meditating surfing reading coding yoga fishing singing skateboarding playing cooking knitting
51,pottery swimming skydiving painting
52,singing swimming coding skateboarding playing rafting birdwatching running writing rockclimbing
53,running dancing fishing surfing meditating reading
54,pottery coding fishing dancing cooking camping hiking writing
55,cooking traveling singing
56,swimming knitting cooking birdwatching volunteering singing photography hiking running gardening writing
57,writing pottery sculpting knitting
58,coding skateboarding birdwatching rockclimbing fishing cooking biking dancing traveling volunteering playing
59,running hiking sculpting rafting writing singing cooking skateboarding meditating biking surfing photography
60,meditating fishing cooking dancing writing hiking reading
61,fishing photography knitting gaming gardening
62,birdwatching meditating playing photography singing dancing yoga biking
63,skateboarding hiking singing playing camping painting sculpting gaming rafting
64,sculpting volunteering rafting photography
65,rafting skateboarding photography painting camping swimming pottery surfing
66,biking gardening meditating coding
67,pottery cooking surfing biking painting
68,rockclimbing playing singing writing photography surfing dancing
69,rafting fishing reading biking running writing cooking rockclimbing
70,hiking rockclimbing cooking painting fishing pottery yoga singing playing dancing surfing
71,swimming skateboarding skydiving fishing rockclimbing
72,skateboarding yoga coding painting gardening rafting birdwatching pottery volunteering reading
73,rafting rockclimbing cooking coding pottery traveling playing writing running skydiving
74,gaming traveling camping playing
75,reading fishing camping
76,running surfing volunteering painting skydiving yoga gaming knitting playing
77,swimming pottery gaming reading surfing dancing gardening volunteering coding biking camping
78,rafting rockclimbing cooking swimming skateboarding volunteering singing gardening
79,fishing biking dancing rafting
80,gaming coding painting writing reading
81,rockclimbing photography skydiving dancing running sculpting fishing coding playing biking pottery singing
82,sculpting pottery gaming photography meditating camping gardening skydiving rockclimbing painting coding
83,volunteering running skydiving camping gardening
84,cooking traveling yoga sculpting gardening singing camping
85,sculpting pottery reading biking cooking traveling
86,skateboarding sculpting swimming rafting hiking rockclimbing
87,knitting cooking rockclimbing volunteering
88,painting traveling writing sculpting rafting
89,birdwatching photography rockclimbing writing rafting
90,hiking sculpting gaming fishing
91,writing rockclimbing yoga traveling singing
92,traveling biking rockclimbing gaming
93,traveling pottery playing
94,sculpting knitting singing camping traveling running painting cooking swimming rafting
95,reading gardening camping swimming pottery painting sculpting fishing
96,singing fishing gaming hiking
97,writing volunteering gaming surfing
98,surfing fishing coding rockclimbing
99,running skateboarding singing camping biking
100,camping running skateboarding volunteering cooking biking coding
101,meditating skateboarding sculpting traveling pottery playing skydiving gardening coding yoga singing photography
102,surfing sculpting hiking gaming traveling singing painting
103,running camping photography
104,writing cooking fishing skydiving rafting volunteering
105,reading fishing cooking coding painting
106,volunteering singing skydiving traveling
107,sculpting gaming fishing playing camping birdwatching traveling dancing hiking photography running singing
108,rockclimbing fishing photography camping swimming dancing writing traveling coding
109,fishing painting yoga rockclimbing camping surfing
110,knitting skateboarding coding camping volunteering rockclimbing painting reading
111,playing yoga knitting gardening reading
112,meditating dancing pottery
113,singing painting coding sculpting photography gaming skateboarding dancing
114,rockclimbing yoga photography
115,gardening rockclimbing painting meditating cooking yoga birdwatching running
116,skateboarding skydiving swimming reading singing gardening birdwatching traveling sculpting surfing
117,singing meditating playing biking swimming pottery camping hiking sculpting surfing rockclimbing
118,camping hiking cooking birdwatching
119,rafting birdwatching painting reading gardening sculpting photography
120,reading surfing gaming painting
121,rafting painting biking meditating yoga
122,pottery fishing reading running
123,rafting camping painting photography biking running traveling writing
124,camping dancing running gardening singing surfing volunteering meditating gaming
125,painting volunteering photography rafting knitting hiking dancing surfing skateboarding
126,traveling knitting sculpting meditating
127,yoga swimming camping coding gardening surfing running gaming singing biking
128,fishing pottery sculpting biking skateboarding reading writing running skydiving swimming knitting
129,running cooking painting playing meditating swimming surfing traveling hiking
130,yoga surfing gaming coding fishing photography reading
131,hiking dancing singing volunteering skateboarding running writing gaming
132,painting hiking cooking running meditating yoga biking skydiving traveling camping knitting writing
133,biking singing surfing skateboarding dancing rockclimbing
134,skateboarding camping traveling yoga reading biking knitting dancing surfing
135,pottery cooking playing sculpting rafting birdwatching rockclimbing skateboarding traveling singing
136,hiking swimming singing meditating biking rafting writing yoga skateboarding volunteering surfing knitting
137,writing volunteering knitting sculpting singing skateboarding running cooking
138,sculpting camping photography volunteering pottery yoga skydiving rockclimbing swimming singing
139,photography knitting swimming gardening writing yoga skydiving rafting sculpting
140,sculpting swimming running yoga singing
141,rafting meditating gardening hiking running surfing sculpting fishing
142,rockclimbing writing surfing hiking camping
143,singing hiking running pottery
144,traveling volunteering yoga swimming gardening
145,gaming playing reading volunteering rockclimbing writing swimming fishing coding surfing traveling
146,singing reading coding
147,birdwatching volunteering gardening traveling reading camping meditating gaming playing rockclimbing surfing
148,fishing pottery singing traveling sculpting coding photography
149,pottery camping meditating skateboarding traveling playing hiking dancing rafting
150,running skateboarding sculpting gaming hiking
151,coding running surfing hiking rafting volunteering skateboarding
152,rockclimbing surfing photography pottery hiking birdwatching running skateboarding singing sculpting meditating
153,fishing painting singing running rockclimbing
154,camping biking knitting pottery meditating hiking playing painting cooking photography gaming fishing
155,birdwatching fishing gaming painting
156,traveling camping singing running meditating gardening yoga swimming playing
157,volunteering photography sculpting painting traveling camping writing pottery rafting birdwatching gardening
158,gaming surfing meditating
159,fishing sculpting birdwatching pottery writing knitting
160,rockclimbing pottery photography writing surfing volunteering playing painting
161,skydiving photography yoga
162,camping skateboarding knitting coding
163,reading pottery writing gaming gardening biking traveling rafting volunteering rockclimbing
164,meditating hiking volunteering gaming gardening coding traveling
165,running pottery swimming fishing
166,singing rockclimbing reading birdwatching writing gaming skateboarding painting
167,sculpting knitting cooking rockclimbing yoga dancing playing singing
168,gardening photography playing
169,rafting rockclimbing birdwatching gaming
170,swimming reading surfing hiking volunteering skydiving running traveling photography
171,meditating skydiving writing gardening running gaming volunteering rockclimbing fishing photography
172,knitting reading dancing hiking biking yoga photography rockclimbing sculpting swimming cooking playing
173,rockclimbing reading yoga gaming rafting traveling sculpting
174,coding knitting traveling yoga playing skydiving painting
175,surfing meditating singing birdwatching painting reading skydiving rockclimbing traveling cooking rafting swimming
176,pottery gaming biking running cooking volunteering playing dancing meditating birdwatching surfing
177,surfing reading gardening dancing playing singing photography gaming swimming camping writing
178,writing knitting rockclimbing surfing
179,painting fishing traveling sculpting biking surfing yoga
180,sculpting dancing photography singing pottery traveling gardening painting
181,birdwatching camping sculpting playing singing
182,yoga sculpting writing camping running dancing photography meditating rafting painting coding knitting
183,rafting volunteering singing painting dancing hiking rockclimbing skateboarding
184,painting reading hiking fishing singing swimming gaming photography traveling sculpting skateboarding
185,rockclimbing photography birdwatching surfing meditating gardening
186,volunteering gardening playing painting singing dancing birdwatching swimming yoga coding
187,running sculpting biking camping dancing
188,gardening skateboarding biking meditating rockclimbing surfing swimming knitting volunteering hiking gaming traveling
189,fishing hiking gaming coding gardening
190,playing painting writing rockclimbing meditating surfing skateboarding gaming coding swimming knitting fishing
191,running singing biking painting surfing birdwatching volunteering reading writing dancing
192,rockclimbing skydiving hiking birdwatching meditating
193,sculpting photography reading rockclimbing
194,running surfing biking knitting traveling fishing birdwatching reading singing gaming coding skydiving
195,birdwatching meditating traveling volunteering
196,knitting meditating surfing writing coding playing birdwatching pottery volunteering gardening
197,traveling rockclimbing reading playing yoga hiking
198,volunteering meditating playing gardening photography swimming pottery knitting cooking
199,dancing singing skydiving rafting camping meditating yoga skateboarding writing photography
200,meditating painting traveling
201,dancing surfing volunteering reading fishing
202,yoga singing painting camping coding gardening pottery
203,photography sculpting skateboarding swimming running coding traveling camping rafting painting rockclimbing
204,painting singing rockclimbing coding hiking pottery skateboarding rafting birdwatching cooking traveling
205,rockclimbing gaming skydiving writing rafting yoga cooking running
206,reading skydiving knitting traveling birdwatching
207,dancing playing reading skateboarding camping running
208,surfing skateboarding singing gaming
209,camping fishing singing biking sculpting volunteering birdwatching coding painting
210,painting knitting skateboarding traveling gardening playing rafting running
211,cooking birdwatching hiking meditating gaming reading gardening rockclimbing playing biking
212,singing meditating volunteering playing rafting skydiving running photography rockclimbing
213,writing birdwatching pottery sculpting rafting photography yoga fishing swimming skydiving
214,reading skydiving running pottery photography
215,coding fishing skateboarding running meditating rafting
216,gaming cooking pottery birdwatching sculpting yoga knitting painting dancing
217,pottery knitting hiking photography birdwatching volunteering painting coding swimming playing
218,biking running cooking skydiving playing birdwatching singing yoga reading
219,dancing painting reading skydiving singing photography running gardening cooking traveling
220,birdwatching surfing skateboarding traveling biking pottery
221,volunteering coding playing traveling painting photography pottery skydiving singing swimming
222,painting birdwatching coding rafting pottery skydiving sculpting writing singing meditating gardening reading
223,photography birdwatching biking traveling swimming cooking gardening
224,pottery swimming writing meditating painting reading birdwatching cooking biking singing sculpting knitting
225,gaming coding camping fishing reading singing skydiving yoga surfing volunteering birdwatching running
226,sculpting writing gardening reading fishing rockclimbing photography gaming birdwatching hiking
227,meditating fishing skateboarding writing sculpting rockclimbing running playing
228,reading dancing gaming running knitting skydiving fishing
229,swimming photography rockclimbing
230,reading singing photography dancing meditating coding yoga skydiving cooking surfing
231,sculpting playing cooking gaming camping pottery
232,singing gardening writing fishing photography traveling painting surfing reading playing rockclimbing
233,dancing fishing painting yoga photography playing biking gardening singing skydiving
234,running rafting cooking
235,rockclimbing reading singing traveling
236,dancing birdwatching biking knitting skydiving rafting singing photography
237,knitting pottery rafting
238,traveling painting volunteering fishing surfing gaming gardening
239,yoga running pottery writing dancing cooking traveling
240,knitting running birdwatching reading rockclimbing surfing
241,hiking running swimming traveling pottery cooking gaming
242,birdwatching meditating dancing fishing playing
243,reading sculpting singing meditating biking running playing rafting hiking volunteering
244,dancing running gaming
245,playing volunteering camping swimming birdwatching
246,fishing writing rafting reading traveling running coding playing volunteering knitting cooking gaming
247,writing traveling birdwatching painting dancing
248,surfing sculpting swimming fishing skateboarding knitting reading biking coding rafting running rockclimbing
249,painting traveling volunteering surfing meditating cooking rockclimbing reading
250,gaming singing skateboarding dancing gardening reading hiking rockclimbing rafting
251,traveling gaming playing reading writing running knitting skydiving
252,sculpting surfing knitting traveling birdwatching meditating skateboarding rockclimbing
253,writing pottery gardening
254,dancing gaming fishing
255,rafting running fishing skateboarding pottery
256,rafting birdwatching pottery swimming coding photography biking volunteering gaming fishing surfing
257,reading rafting sculpting hiking meditating camping biking swimming surfing
258,painting swimming fishing volunteering
259,cooking writing surfing pottery swimming rafting
260,painting gardening hiking surfing dancing
261,yoga rockclimbing coding
262,pottery cooking surfing
263,volunteering yoga rafting
264,running sculpting pottery volunteering
265,skydiving dancing playing running writing knitting reading hiking cooking biking volunteering pottery
266,singing sculpting skateboarding playing running hiking surfing birdwatching writing coding
267,playing camping pottery fishing photography reading cooking swimming gardening gaming traveling
268,fishing yoga coding swimming meditating skydiving hiking cooking
269,swimming singing volunteering traveling painting
270,camping gaming writing yoga traveling rockclimbing birdwatching volunteering meditating swimming
271,biking sculpting singing yoga playing coding swimming painting meditating photography rafting fishing
272,biking meditating painting fishing birdwatching camping playing reading singing gardening surfing photography
273,skateboarding cooking playing traveling fishing singing knitting
274,fishing dancing biking camping swimming surfing painting reading gaming writing
275,traveling playing dancing meditating birdwatching sculpting fishing painting coding photography
276,skydiving fishing knitting
277,singing coding reading birdwatching photography painting fishing knitting
278,singing biking meditating sculpting reading yoga pottery
279,surfing meditating painting dancing fishing reading skateboarding
280,traveling yoga gaming writing running photography
281,camping playing cooking rockclimbing dancing coding pottery knitting surfing reading fishing gaming
282,volunteering rockclimbing skydiving gaming traveling
283,yoga dancing rafting writing running painting pottery knitting coding
284,skydiving dancing sculpting coding
285,yoga writing rafting fishing rockclimbing birdwatching hiking gaming traveling painting
286,painting fishing hiking singing
287,meditating playing rockclimbing sculpting
288,gardening pottery dancing swimming hiking yoga
289,yoga meditating birdwatching
290,coding gaming singing
291,running skydiving yoga singing
292,coding writing pottery playing camping cooking yoga rockclimbing rafting sculpting swimming hiking
293,fishing running skateboarding swimming writing reading traveling playing rafting surfing photography
294,hiking skateboarding meditating rockclimbing gaming running rafting volunteering yoga
295,gardening sculpting cooking meditating writing rafting yoga
296,writing dancing volunteering swimming knitting skateboarding rafting surfing
297,hiking swimming gardening
298,singing yoga fishing gardening painting playing volunteering biking sculpting coding camping photography
299,gardening cooking painting playing
300,dancing yoga hiking volunteering gaming sculpting rockclimbing singing cooking fishing painting
301,knitting camping cooking singing
302,surfing reading knitting hiking
303,pottery painting sculpting
304,running coding swimming gardening yoga painting
305,photography painting coding surfing sculpting
306,yoga camping skateboarding birdwatching singing sculpting photography
307,swimming sculpting gardening birdwatching
308,coding playing skydiving dancing writing camping volunteering sculpting birdwatching fishing traveling yoga
309,singing playing writing gaming running
310,knitting running rafting
311,biking skateboarding sculpting
312,gaming surfing coding writing
313,skateboarding dancing cooking biking reading skydiving volunteering running writing gardening playing
314,gardening photography skydiving rafting traveling hiking running coding singing
315,knitting painting traveling cooking yoga fishing rafting pottery camping volunteering birdwatching swimming
316,gardening photography rockclimbing dancing swimming birdwatching
317,rockclimbing rafting gaming traveling yoga gardening biking photography volunteering singing writing camping
318,running playing knitting gaming writing
319,pottery hiking rafting fishing rockclimbing biking playing
320,rafting running fishing rockclimbing skateboarding biking sculpting photography yoga playing
321,running traveling rafting rockclimbing gardening playing birdwatching writing camping gaming pottery swimming
322,hiking swimming volunteering
323,hiking swimming camping sculpting rafting yoga skateboarding pottery rockclimbing fishing playing meditating
324,writing skydiving fishing gardening rockclimbing
325,reading coding photography gardening traveling sculpting dancing camping hiking running rockclimbing gaming
326,singing traveling coding gardening knitting
327,playing cooking running yoga knitting dancing biking hiking gardening sculpting
328,surfing volunteering writing running pottery skateboarding
329,skateboarding writing rafting painting skydiving reading cooking sculpting singing photography playing
330,painting biking pottery rafting playing coding reading meditating yoga
331,rafting pottery camping rockclimbing skateboarding painting gaming knitting fishing birdwatching
332,rockclimbing yoga playing sculpting fishing swimming reading
333,surfing rockclimbing gardening
334,painting playing biking
335,volunteering writing hiking meditating sculpting skateboarding fishing playing photography skydiving camping
336,camping singing sculpting skydiving painting rafting yoga writing birdwatching hiking
337,playing dancing pottery swimming volunteering fishing cooking traveling rockclimbing birdwatching gaming
338,skydiving traveling fishing knitting hiking dancing cooking coding pottery meditating
339,yoga coding gardening fishing traveling rafting writing reading
340,hiking painting dancing skateboarding volunteering
341,surfing traveling birdwatching
342,running writing sculpting rockclimbing volunteering dancing
343,surfing skateboarding birdwatching yoga skydiving sculpting volunteering knitting writing meditating gaming pottery
344,swimming volunteering camping sculpting dancing photography skateboarding fishing gaming meditating singing
345,painting swimming running rockclimbing surfing skydiving
346,gardening fishing meditating rockclimbing skateboarding skydiving
347,sculpting dancing rafting birdwatching painting running surfing biking knitting fishing volunteering reading
348,singing volunteering reading running biking birdwatching swimming
349,writing knitting skydiving coding
350,meditating biking sculpting volunteering dancing knitting cooking yoga skateboarding running rafting playing
351,dancing gardening fishing hiking biking playing reading
352,swimming coding writing rafting
353,hiking swimming gaming fishing skydiving coding yoga playing reading photography skateboarding knitting
354,traveling singing pottery swimming gaming rafting surfing dancing yoga hiking
355,running rockclimbing reading
356,birdwatching rafting volunteering biking skateboarding running surfing cooking sculpting gaming
357,painting photography reading meditating skydiving hiking sculpting cooking singing camping gardening playing
358,reading running skateboarding swimming singing
359,rafting yoga photography gardening camping skateboarding
360,dancing writing hiking rafting gardening meditating rockclimbing playing volunteering photography knitting reading
361,painting fishing dancing camping running hiking gardening coding
362,painting meditating skydiving gardening surfing swimming pottery rockclimbing coding
363,volunteering gaming biking writing photography traveling singing running playing birdwatching dancing
364,dancing surfing playing
365,gardening reading volunteering cooking knitting coding hiking birdwatching sculpting meditating surfing rafting
366,rockclimbing volunteering writing skateboarding
367,dancing volunteering traveling cooking sculpting surfing rockclimbing camping hiking writing reading painting
368,singing painting gardening traveling cooking hiking
369,dancing singing cooking coding skydiving skateboarding running photography gardening sculpting rockclimbing pottery
370,hiking gaming skydiving
371,surfing yoga sculpting pottery rockclimbing rafting playing
372,surfing painting hiking skateboarding yoga skydiving gaming running writing
373,camping dancing coding
374,yoga gardening photography birdwatching meditating skateboarding singing traveling
375,cooking yoga reading gaming gardening biking
376,yoga camping surfing playing
377,fishing photography surfing gaming reading writing painting skydiving sculpting
378,surfing gardening pottery meditating camping knitting singing reading volunteering playing
379,sculpting rockclimbing reading knitting meditating surfing coding singing skydiving fishing
380,cooking coding writing gardening
381,coding camping surfing skydiving sculpting gaming fishing rockclimbing hiking swimming traveling
382,playing dancing cooking birdwatching swimming skateboarding pottery rockclimbing biking meditating camping
383,surfing skateboarding rafting biking birdwatching
384,meditating painting skateboarding pottery traveling camping birdwatching swimming dancing rafting
385,singing hiking skydiving camping sculpting cooking painting biking
386,writing playing photography birdwatching camping surfing meditating rockclimbing gaming singing
387,sculpting yoga writing gaming painting cooking coding traveling fishing rafting
388,singing hiking swimming camping rafting
389,swimming writing hiking volunteering fishing rockclimbing
390,running playing traveling camping sculpting knitting gaming
391,swimming knitting biking cooking coding traveling photography singing birdwatching rafting
392,gardening running painting rafting birdwatching gaming fishing
393,singing knitting writing birdwatching photography meditating skydiving yoga traveling
394,surfing singing painting sculpting photography dancing playing
395,yoga rafting playing rockclimbing coding
396,traveling swimming painting cooking camping surfing fishing sculpting
397,knitting gardening gaming running yoga camping rafting painting hiking rockclimbing pottery playing
398,reading cooking painting volunteering
399,rockclimbing skydiving hiking reading
400,playing traveling running singing surfing rockclimbing sculpting
401,cooking knitting gardening rockclimbing
402,skateboarding meditating photography knitting surfing singing painting gardening playing
403,dancing pottery meditating painting rafting skydiving traveling
404,biking skateboarding gardening rockclimbing singing sculpting meditating
405,hiking biking surfing coding rafting photography
406,singing gaming traveling camping pottery dancing
407,painting knitting running reading rafting cooking rockclimbing meditating biking birdwatching hiking
408,birdwatching gardening traveling singing biking photography cooking
409,photography skydiving running gaming birdwatching coding singing rafting
410,running knitting skateboarding cooking gaming writing sculpting
411,sculpting gaming coding running rafting
412,photography rockclimbing fishing writing birdwatching coding
413,fishing coding skateboarding rafting writing traveling gaming
414,knitting rockclimbing swimming running painting dancing surfing hiking photography
415,meditating cooking singing
416,rockclimbing singing playing cooking writing sculpting knitting birdwatching
417,fishing sculpting cooking singing hiking volunteering photography surfing gardening birdwatching pottery gaming
418,coding traveling biking sculpting
419,yoga coding gaming swimming running
420,yoga biking fishing writing dancing birdwatching gaming hiking pottery
421,gaming surfing traveling volunteering writing
422,pottery rafting skydiving reading playing birdwatching meditating swimming coding camping writing fishing
423,biking fishing sculpting gardening playing gaming writing traveling cooking surfing
424,sculpting singing rockclimbing volunteering birdwatching skateboarding gaming cooking
425,pottery hiking rafting knitting skydiving rockclimbing gardening sculpting
426,photography hiking yoga traveling knitting reading writing running camping coding
427,coding photography dancing reading painting
428,cooking skateboarding singing reading skydiving birdwatching running painting
429,skydiving singing yoga photography traveling skateboarding swimming cooking coding volunteering surfing sculpting
430,rockclimbing yoga playing pottery writing
431,dancing running biking knitting birdwatching meditating fishing rafting
432,volunteering singing knitting swimming running
433,running traveling reading coding camping rockclimbing writing sculpting dancing
434,swimming gardening dancing rockclimbing traveling knitting
435,traveling gaming hiking skydiving skateboarding cooking singing yoga
436,camping yoga running surfing playing dancing coding
437,volunteering fishing skydiving knitting pottery gaming playing yoga reading birdwatching painting gardening
438,biking pottery volunteering traveling gardening
439,cooking singing hiking gardening pottery birdwatching yoga
440,photography knitting traveling painting skydiving
441,surfing playing sculpting dancing skydiving volunteering yoga writing singing rafting
442,yoga running sculpting skydiving photography surfing hiking skateboarding meditating swimming painting volunteering
443,fishing coding volunteering
444,dancing camping pottery surfing
445,swimming playing cooking pottery skydiving hiking painting gaming fishing running birdwatching yoga
446,playing writing singing swimming coding skydiving
447,volunteering gardening surfing singing painting biking rafting dancing
448,writing hiking camping coding surfing yoga
449,birdwatching dancing gaming gardening coding swimming fishing running sculpting cooking pottery singing
450,skateboarding volunteering knitting biking meditating
451,reading swimming playing rockclimbing traveling running singing photography
452,dancing hiking traveling rafting fishing camping running reading singing playing painting photography
453,swimming sculpting photography volunteering traveling writing singing gaming painting birdwatching rafting
454,knitting rockclimbing skateboarding photography yoga traveling
455,singing photography volunteering knitting hiking rockclimbing pottery sculpting skydiving camping biking
456,reading rockclimbing playing knitting yoga
457,gardening playing sculpting
458,hiking surfing photography biking rockclimbing traveling knitting
459,gardening pottery biking surfing birdwatching
460,knitting playing sculpting gaming singing skateboarding volunteering pottery birdwatching
461,rockclimbing photography dancing rafting yoga cooking fishing reading volunteering meditating skydiving
462,hiking yoga skateboarding surfing running meditating writing rafting birdwatching gaming
463,coding singing hiking swimming volunteering gaming biking surfing cooking
464,gaming pottery cooking rockclimbing
465,meditating skateboarding gardening biking yoga
466,coding biking reading birdwatching dancing volunteering traveling knitting gardening sculpting playing
467,coding volunteering meditating gardening photography playing biking rockclimbing writing singing
468,camping gardening swimming writing pottery
469,rockclimbing volunteering cooking reading gaming meditating sculpting birdwatching surfing traveling yoga swimming
470,photography gaming hiking coding gardening yoga
471,photography swimming yoga
472,coding volunteering fishing playing rockclimbing singing knitting skydiving surfing dancing running birdwatching
473,rafting running skateboarding meditating reading coding sculpting skydiving painting
474,singing hiking skateboarding running volunteering playing meditating swimming
475,hiking yoga sculpting gaming surfing skateboarding
476,yoga gardening sculpting swimming surfing skydiving painting skateboarding gaming
477,photography knitting birdwatching fishing skydiving painting volunteering sculpting writing swimming skateboarding
478,biking dancing gardening rafting singing reading surfing fishing knitting traveling
479,sculpting running fishing birdwatching volunteering
480,writing sculpting singing skydiving yoga pottery rockclimbing
481,skydiving photography painting writing
482,playing photography skydiving surfing yoga reading camping traveling swimming pottery rockclimbing painting
483,dancing pottery gardening
484,gaming swimming birdwatching
485,sculpting gardening birdwatching yoga painting dancing
486,playing biking rockclimbing rafting meditating camping hiking
487,skydiving gaming meditating birdwatching hiking running surfing photography pottery yoga volunteering biking
488,volunteering writing playing rafting meditating skateboarding traveling biking yoga coding
489,skydiving singing sculpting
490,coding fishing swimming skateboarding
491,writing gardening traveling photography coding volunteering playing singing pottery dancing
492,photography gardening sculpting skateboarding dancing yoga
493,gaming sculpting hiking gardening rafting skateboarding running reading skydiving meditating fishing knitting
494,pottery birdwatching singing knitting rafting meditating rockclimbing
495,coding birdwatching fishing photography skateboarding cooking painting
496,skydiving camping cooking swimming hiking knitting pottery
497,dancing pottery swimming hiking knitting yoga camping fishing
498,writing coding traveling singing meditating sculpting yoga gardening painting photography rockclimbing
499,writing knitting camping singing gardening coding sculpting dancing running surfing pottery
500,cooking knitting writing gaming running swimming meditating
501,sculpting biking meditating hiking skateboarding fishing playing knitting
502,running fishing playing rafting biking
503,rafting yoga writing volunteering camping rockclimbing pottery sculpting skydiving running biking knitting
504,swimming gaming writing biking playing running volunteering skydiving dancing knitting yoga sculpting
505,swimming cooking skateboarding rockclimbing writing singing running birdwatching camping painting
506,meditating coding skateboarding
507,dancing knitting sculpting biking surfing
508,birdwatching hiking painting playing meditating cooking dancing swimming
509,skydiving photography rockclimbing coding fishing pottery meditating
510,rockclimbing reading birdwatching yoga cooking traveling skydiving
511,camping cooking painting swimming gaming knitting gardening skateboarding
512,running swimming pottery
513,volunteering running fishing
514,biking skateboarding cooking singing sculpting
515,meditating biking surfing camping running hiking birdwatching
516,surfing gardening camping running biking swimming
517,yoga camping hiking swimming birdwatching running
518,swimming dancing skateboarding rafting running biking painting writing knitting
519,hiking rockclimbing cooking camping gardening dancing traveling reading photography gaming birdwatching rafting
520,volunteering playing swimming yoga meditating camping rafting cooking skydiving dancing
521,running hiking pottery skydiving skateboarding photography biking
522,writing running skateboarding pottery dancing yoga surfing swimming photography singing camping
523,coding birdwatching photography fishing cooking
524,photography skateboarding knitting
525,dancing traveling hiking skateboarding meditating reading
526,sculpting singing volunteering biking traveling knitting photography dancing
527,volunteering sculpting skateboarding traveling running gardening photography gaming
528,rockclimbing singing writing
529,traveling reading sculpting biking pottery camping painting gaming rockclimbing knitting
530,writing birdwatching knitting fishing biking swimming volunteering gaming skateboarding camping pottery gardening
531,sculpting yoga pottery swimming playing hiking painting fishing photography skateboarding surfing
532,surfing cooking sculpting biking skydiving hiking dancing camping painting
533,traveling birdwatching playing sculpting reading gardening singing cooking dancing camping writing volunteering
534,cooking running biking pottery volunteering dancing fishing coding skydiving gardening sculpting
535,writing gardening camping surfing reading swimming meditating gaming rockclimbing dancing photography skateboarding
536,gardening camping coding running pottery yoga meditating
537,biking skateboarding meditating swimming
538,sculpting knitting fishing cooking rafting writing swimming
539,skateboarding running swimming sculpting fishing traveling biking
540,cooking writing traveling photography skydiving painting rockclimbing
541,surfing pottery sculpting meditating skateboarding knitting
542,birdwatching cooking writing
543,skateboarding photography swimming rafting singing
544,pottery camping sculpting surfing
545,coding volunteering traveling birdwatching skydiving reading rafting gaming singing biking cooking
546,writing coding biking running traveling skateboarding yoga photography swimming rafting surfing birdwatching
547,birdwatching reading skydiving hiking surfing rockclimbing fishing yoga playing photography knitting pottery
548,cooking dancing painting camping biking photography hiking reading meditating
549,gaming volunteering birdwatching photography meditating skateboarding painting reading gardening
550,traveling camping photography rockclimbing
551,sculpting reading gardening rafting yoga coding biking surfing camping swimming
552,skateboarding singing painting
553,photography hiking biking gardening sculpting
554,traveling swimming biking
555,coding skydiving yoga meditating skateboarding running hiking playing fishing knitting singing
556,running skydiving swimming
557,skateboarding running volunteering sculpting dancing camping reading surfing
558,dancing singing camping birdwatching meditating rockclimbing yoga volunteering sculpting painting coding
559,cooking writing rockclimbing running fishing gaming singing photography surfing
560,painting sculpting writing gaming biking rockclimbing traveling surfing rafting skateboarding
561,gardening singing reading writing sculpting fishing rafting
562,meditating swimming camping gaming pottery hiking traveling photography running birdwatching reading
563,rafting gardening singing volunteering sculpting traveling pottery painting biking surfing
564,rafting running photography rockclimbing meditating yoga swimming playing biking painting gaming traveling
565,volunteering hiking pottery yoga coding dancing traveling running skydiving knitting
566,reading singing birdwatching rafting surfing gardening running photography writing volunteering pottery sculpting
567,skateboarding gaming sculpting camping writing coding photography
568,yoga biking traveling knitting
569,playing surfing traveling meditating volunteering dancing painting pottery birdwatching
570,volunteering coding rockclimbing
571,pottery rafting skydiving sculpting
572,gaming singing reading swimming biking pottery
573,dancing coding rafting skateboarding skydiving reading writing
574,sculpting reading yoga birdwatching singing swimming rafting biking running traveling cooking
575,gaming meditating gardening painting fishing yoga swimming
576,gardening yoga dancing biking rafting camping hiking running traveling surfing birdwatching
577,traveling camping yoga skydiving gardening biking coding
578,dancing fishing skydiving singing
579,photography meditating gardening traveling fishing singing skydiving writing cooking reading
580,photography skydiving knitting singing camping playing gaming running biking painting rafting surfing
581,hiking birdwatching coding swimming skydiving reading yoga running sculpting fishing meditating dancing
582,yoga pottery biking photography swimming writing
583,writing running biking dancing camping singing knitting
584,skydiving yoga photography reading writing pottery cooking hiking
585,singing rockclimbing running traveling rafting gardening birdwatching
586,rafting rockclimbing knitting yoga cooking hiking skydiving volunteering swimming coding photography
587,running swimming cooking coding biking
588,pottery yoga reading painting
589,sculpting rockclimbing photography pottery writing swimming gardening
590,biking writing reading running swimming dancing photography rockclimbing painting coding gardening
591,rafting camping coding running gardening biking photography swimming painting knitting
592,knitting rafting running writing skydiving cooking sculpting fishing
593,rafting singing dancing painting reading playing biking traveling
594,biking reading gardening
595,reading writing surfing photography gardening
596,surfing dancing cooking hiking pottery coding gaming playing rafting knitting
597,gaming cooking birdwatching rockclimbing traveling fishing coding biking
598,sculpting swimming singing knitting biking rafting yoga painting meditating hiking birdwatching photography
599,swimming fishing photography skateboarding singing rockclimbing yoga birdwatching biking surfing hiking playing
600,reading skydiving skateboarding playing coding
601,painting photography sculpting playing volunteering cooking fishing coding
602,volunteering sculpting rockclimbing
603,skydiving pottery yoga traveling photography reading skateboarding meditating birdwatching volunteering coding gardening
604,traveling coding surfing cooking birdwatching running skateboarding swimming knitting yoga gaming
605,sculpting cooking rafting pottery writing birdwatching rockclimbing surfing skydiving meditating
606,singing painting camping rafting gardening coding rockclimbing swimming skydiving
607,knitting gardening skydiving gaming photography birdwatching writing
608,coding gaming biking pottery knitting fishing photography volunteering skateboarding birdwatching meditating
609,skateboarding fishing pottery camping traveling playing dancing yoga gardening swimming writing
610,sculpting rafting running reading birdwatching yoga cooking skydiving painting swimming skateboarding
611,skateboarding reading skydiving camping swimming photography volunteering
612,skydiving hiking running meditating reading writing coding camping surfing yoga
613,coding rockclimbing cooking painting knitting
614,birdwatching gaming dancing camping
615,rockclimbing knitting reading painting surfing
616,meditating yoga sculpting painting dancing cooking biking traveling coding fishing singing skydiving
617,hiking gaming painting writing traveling playing camping knitting singing skydiving dancing volunteering
618,painting birdwatching writing cooking pottery fishing camping rockclimbing meditating
619,meditating yoga reading painting writing traveling surfing birdwatching skateboarding dancing
620,gaming yoga running volunteering rafting sculpting skateboarding camping traveling
621,painting gardening sculpting
622,cooking fishing rockclimbing reading pottery meditating birdwatching camping yoga
623,birdwatching running gaming camping dancing
624,hiking cooking sculpting meditating
625,gardening knitting pottery cooking running camping dancing biking fishing yoga skateboarding volunteering
626,reading coding hiking photography birdwatching cooking sculpting
627,birdwatching hiking biking singing skydiving
628,swimming coding yoga meditating photography painting volunteering rockclimbing rafting
629,knitting gaming painting writing
630,running gardening knitting pottery swimming painting sculpting
631,sculpting playing painting traveling skateboarding yoga swimming rafting
632,running gardening hiking
633,birdwatching pottery singing writing
634,fishing pottery coding reading
635,volunteering photography meditating surfing pottery yoga singing dancing
636,sculpting photography volunteering singing traveling meditating
637,fishing hiking cooking rockclimbing camping playing photography meditating birdwatching
638,photography rafting writing painting running skateboarding coding
639,birdwatching gaming rockclimbing singing painting playing photography knitting swimming surfing
640,painting hiking dancing yoga pottery cooking skateboarding sculpting
641,rafting cooking singing coding meditating biking yoga volunteering fishing skydiving traveling gardening
642,running biking skateboarding rockclimbing dancing volunteering
643,dancing meditating rafting
644,surfing birdwatching knitting hiking traveling singing
645,biking gaming rafting surfing painting knitting
646,singing writing knitting running pottery sculpting hiking fishing birdwatching
647,rockclimbing gardening singing coding volunteering meditating birdwatching yoga playing swimming
648,skateboarding knitting volunteering rockclimbing cooking
649,volunteering gaming singing meditating skydiving
650,rockclimbing cooking volunteering traveling reading singing meditating camping gardening
651,fishing gaming traveling dancing biking
652,hiking yoga reading coding painting
653,meditating cooking volunteering traveling dancing biking playing birdwatching camping
654,rafting gardening surfing singing camping playing hiking cooking
655,dancing playing pottery rockclimbing gardening
656,volunteering gardening birdwatching biking fishing dancing
657,traveling writing dancing gaming cooking knitting pottery coding
658,yoga volunteering running cooking gardening
659,gardening skateboarding swimming coding skydiving
660,running painting gaming swimming rockclimbing knitting singing birdwatching writing yoga skateboarding surfing
661,gardening sculpting yoga biking birdwatching
662,knitting running hiking
663,dancing cooking running rockclimbing coding singing knitting hiking skydiving gardening
664,hiking gaming rafting painting biking traveling skydiving skateboarding volunteering
665,skydiving pottery gaming
666,photography playing volunteering sculpting gardening coding running traveling
667,birdwatching yoga skydiving knitting camping running
668,camping surfing photography volunteering running skydiving traveling hiking birdwatching reading
669,photography skydiving yoga rafting biking
670,dancing traveling photography
671,hiking knitting skateboarding sculpting running painting rafting yoga volunteering
672,yoga camping reading pottery swimming
673,swimming traveling hiking skydiving reading gardening meditating volunteering surfing painting
674,painting biking meditating dancing rockclimbing fishing skydiving rafting coding singing
675,biking traveling yoga playing reading rockclimbing singing pottery hiking knitting dancing
676,running traveling skydiving playing rockclimbing gardening surfing fishing cooking meditating singing
677,skateboarding traveling camping fishing knitting hiking volunteering birdwatching painting writing coding
678,gaming hiking knitting swimming fishing skydiving rafting rockclimbing pottery sculpting dancing
679,coding cooking fishing swimming knitting rockclimbing yoga playing biking birdwatching dancing photography
680,playing biking gaming coding hiking cooking rockclimbing
681,pottery camping fishing gaming gardening meditating dancing traveling
682,pottery coding reading swimming
683,camping running playing writing painting surfing cooking pottery swimming photography
684,biking knitting fishing singing cooking swimming yoga meditating surfing skateboarding painting
685,yoga coding gaming surfing rafting cooking
686,sculpting pottery writing birdwatching swimming yoga rockclimbing volunteering dancing
687,skydiving swimming sculpting singing
688,gardening pottery skateboarding singing knitting rafting
689,birdwatching running biking writing traveling dancing gaming
690,gaming photography surfing playing
691,coding cooking volunteering biking painting camping reading
692,sculpting rafting photography dancing rockclimbing
693,pottery surfing singing sculpting meditating dancing fishing volunteering painting gardening biking
694,volunteering sculpting meditating swimming reading
695,knitting writing volunteering biking skydiving
696,volunteering rockclimbing writing photography running
697,swimming rafting hiking fishing writing skateboarding birdwatching singing
698,swimming birdwatching reading dancing traveling skateboarding camping
699,swimming surfing volunteering rockclimbing coding photography yoga
700,reading rockclimbing meditating surfing knitting yoga swimming singing dancing skateboarding gardening volunteering
701,running skateboarding biking rafting pottery photography gaming volunteering singing painting knitting dancing
702,surfing skydiving singing writing camping playing pottery meditating gardening
703,running rockclimbing coding
704,surfing swimming pottery birdwatching yoga rockclimbing
705,swimming knitting birdwatching writing fishing running rockclimbing gaming
706,playing singing cooking fishing gaming dancing volunteering meditating running hiking yoga
707,singing photography yoga hiking playing sculpting rafting volunteering cooking fishing skydiving
708,surfing volunteering painting
709,dancing volunteering reading writing swimming singing skateboarding yoga
710,swimming skydiving running pottery camping yoga rockclimbing skateboarding writing
711,skateboarding traveling coding knitting surfing rafting
712,skydiving pottery surfing reading running coding biking meditating singing
713,knitting gardening painting sculpting running swimming yoga biking coding fishing
714,fishing singing running photography writing
715,skateboarding reading singing writing swimming running sculpting biking
716,traveling rockclimbing hiking knitting skydiving coding biking birdwatching
717,skateboarding knitting dancing
718,playing skateboarding gaming dancing photography gardening meditating coding
719,coding painting skateboarding yoga playing running meditating skydiving reading photography knitting rafting
720,painting gardening yoga birdwatching reading volunteering singing playing skydiving skateboarding
721,rafting camping singing playing yoga
722,surfing traveling skydiving hiking gaming pottery writing birdwatching singing knitting skateboarding meditating
723,skydiving skateboarding biking running coding fishing
724,birdwatching biking writing rafting gaming
725,volunteering cooking surfing swimming coding yoga camping gardening rockclimbing
726,volunteering camping dancing playing gaming rafting sculpting rockclimbing surfing
727,photography painting swimming
728,coding painting swimming cooking rafting camping traveling
729,painting yoga skateboarding writing photography sculpting swimming dancing hiking gaming running singing
730,fishing skateboarding skydiving reading yoga singing pottery painting playing camping
731,dancing hiking coding birdwatching
732,playing meditating knitting
733,volunteering photography swimming
734,playing singing cooking
735,gaming playing running
736,volunteering skateboarding coding fishing gardening
737,yoga skateboarding swimming surfing
738,volunteering photography rockclimbing writing camping dancing skateboarding running painting swimming
739,birdwatching pottery yoga traveling running playing
740,birdwatching dancing volunteering surfing biking painting running photography sculpting
741,pottery reading fishing yoga photography skateboarding birdwatching swimming gaming
742,playing photography meditating
743,painting meditating knitting coding
744,photography reading sculpting gardening painting playing cooking surfing writing skateboarding skydiving
745,skydiving cooking photography playing rockclimbing gardening singing painting meditating swimming
746,playing fishing swimming reading pottery gaming yoga sculpting knitting volunteering writing
747,yoga reading running photography cooking painting rafting coding
748,yoga gaming painting swimming biking pottery
749,meditating traveling camping skydiving reading photography coding knitting pottery
750,running yoga sculpting cooking rockclimbing knitting